body_weight,segment
84.02588148864575,0.0
86.2576748473264,0.0
75.8111476436282,0.0
96.96851592044486,0.0
89.65448485302878,0.0
95.72350195543021,0.0
86.64880598594182,0.0
80.11379405490493,0.0
83.95896425917991,0.0
86.16930887136145,0.0
93.0881547660261,0.0
,0.0
78.55846488901622,0.0
87.74772047626728,0.0
79.80718367158636,0.0
87.88195441196555,0.0
73.79806113186879,0.0
81.97590400946049,0.0
98.41199783568518,0.0
80.56815997153406,0.0
91.36556578538263,0.0
89.46934728920775,0.0
84.33168191413107,0.0
81.7123287765967,0.0
111.34755833414295,0.0
102.81931933201928,0.0
87.43330260842734,0.0
69.21102703265855,0.0
87.76957980715935,0.0
,0.0
83.95202034902891,0.0
77.93728384847745,0.0
76.71705809635245,0.0
,0.0
91.03451722941473,0.0
105.676235294296,0.0
80.89681516435817,0.0
,0.0
94.80110945764655,0.0
103.69029007052237,0.0
99.52906946164838,0.0
80.76684585936233,0.0
71.78216592260648,0.0
92.52354665442346,0.0
84.10189726868688,0.0
72.40532400637191,0.0
92.4702372197133,0.0
92.72835179995545,0.0
64.40019155558271,0.0
89.53739264215305,0.0
74.22511176617424,0.0
91.09184513994029,0.0
79.68886580648527,0.0
94.43632527287645,0.0
,0.0
89.90202754650534,0.0
63.04303900288467,0.0
81.86140221848558,0.0
88.63211896004798,0.0
93.43426807776817,0.0
90.4236780662537,0.0
,0.0
101.98243732491747,0.0
78.16814845421474,0.0
111.14837680982231,0.0
89.21146333414725,0.0
85.67043504247462,0.0
103.05221570860476,0.0
92.24732625056343,0.0
83.39306209901473,0.0
110.72557024217839,0.0
93.11993388936509,0.0
81.87857027666173,0.0
97.19517044419543,0.0
91.94328829097807,0.0
97.79150733017329,0.0
106.30589143456935,0.0
93.0801009744442,0.0
99.1777359311024,0.0
86.31627823675225,0.0
85.86919445569234,0.0
81.37283349895966,0.0
102.66297270503061,0.0
104.01305514286211,0.0
74.23752309343713,0.0
83.24726771269005,0.0
78.36113526250486,0.0
101.96298755374703,0.0
91.44653200586696,0.0
83.60579516560273,0.0
96.30558034721693,0.0
94.08155293283617,0.0
86.93656638836062,0.0
96.1863161925651,0.0
82.9767340414233,0.0
80.15816560413533,0.0
78.42828490562206,0.0
84.36764364303167,0.0
100.25175388292907,0.0
96.19520600242998,0.0
81.12915399670067,0.0
90.52407012468589,0.0
77.03347788331762,0.0
89.97975206158219,0.0
83.78707438874969,0.0
86.97285988091812,0.0
91.95994258373753,0.0
105.18694574454273,0.0
74.67178354596909,0.0
100.1019491130889,0.0
82.83343813943726,0.0
83.69369685136357,0.0
92.3569016391133,0.0
90.04701190928323,0.0
96.14414485709061,0.0
78.5217733243859,0.0
99.20167373433658,0.0
109.06661071043408,0.0
91.4385318564382,0.0
86.41295081053505,0.0
86.99418854564338,0.0
78.90991681875835,0.0
95.6337973342368,0.0
84.68598765858535,0.0
82.33661451340704,0.0
84.70716846760787,0.0
79.2571070412383,0.0
102.64905590684995,0.0
79.00010038722469,0.0
98.37004716573034,0.0
,0.0
83.15299672419539,0.0
89.23898329435427,0.0
75.85253868135428,0.0
99.03244157175651,0.0
98.78859685202178,0.0
109.63003532787344,0.0
92.96092467457767,0.0
101.13168530705194,0.0
89.71466563632492,0.0
92.02453389944888,0.0
90.09049304103341,0.0
97.4653111768342,0.0
99.36450572851294,0.0
81.94792512981962,0.0
84.96859874863009,0.0
85.5793104503229,0.0
99.22230851939035,0.0
97.39852450641656,0.0
102.65087837046521,0.0
74.68198700482245,0.0
66.74478526886956,0.0
82.14757303842418,0.0
82.06290452648307,0.0
85.3408335040883,0.0
96.76951200422971,0.0
68.6656924506486,0.0
83.52626036472952,0.0
91.79280637616029,0.0
89.7063792611818,0.0
85.00315257158664,0.0
84.88498250780965,0.0
91.07539479288276,0.0
88.55442605681849,0.0
,0.0
81.59828802887785,0.0
97.30787121027956,0.0
70.56913529083455,0.0
116.17797059450362,0.0
95.52597366303186,0.0
99.40961927263929,0.0
94.88292271100386,0.0
72.97182555290313,0.0
94.1872566336788,0.0
103.17150263931461,0.0
101.49168862741652,0.0
92.15433945758016,0.0
107.97619371376865,0.0
90.7818917610052,0.0
94.81930840371108,0.0
92.27492302894389,0.0
90.45818958963636,0.0
91.1904087035093,0.0
86.87219297129494,0.0
91.74851884628549,0.0
100.40798726821404,0.0
83.21971336607749,0.0
90.31956881558837,0.0
87.51701485945757,0.0
84.00647199679105,0.0
87.27090018118197,0.0
102.7068814793256,0.0
95.87139498649393,0.0
99.26261986408356,0.0
102.71694744113194,0.0
94.07279210794685,0.0
85.02618060765921,0.0
80.06328699670804,0.0
,0.0
74.80253763633569,0.0
111.44817050065988,0.0
90.50893351141937,0.0
97.75922874356331,0.0
103.81966007594274,0.0
93.83475231761713,0.0
81.46275027421527,0.0
93.18893625539378,0.0
80.06106369015914,0.0
98.92196175641011,0.0
101.2235024793781,0.0
91.87431943548317,0.0
109.09845381655352,0.0
83.51310983757578,0.0
81.36883444052677,0.0
82.96505194966807,0.0
91.5126144857657,0.0
96.12976220830917,0.0
,0.0
90.74569151411545,0.0
77.86075238878888,0.0
97.71632420047195,0.0
81.49908188197375,0.0
92.61764173066415,0.0
90.83458158487696,0.0
92.53307860165896,0.0
77.51301521689508,0.0
95.56493914087588,0.0
,0.0
81.20504596585745,0.0
,0.0
72.88635400678115,0.0
110.66330190719279,0.0
86.48268297288206,0.0
84.89538463104446,0.0
96.97917021892084,0.0
82.6277395309573,0.0
86.66336698412698,0.0
86.46065323157791,0.0
79.23153026720668,0.0
114.74016388598682,0.0
108.31971127901855,0.0
83.51000872081487,0.0
,0.0
88.99444506342172,0.0
101.75110840988756,0.0
79.29688045648066,0.0
88.04930252689927,0.0
75.0798499185806,0.0
96.10828044210956,0.0
92.15183071355897,0.0
87.67111138470224,0.0
78.43455723036395,0.0
101.88782810959648,0.0
89.7941616894284,0.0
109.88108097021842,0.0
79.40714338085212,0.0
65.94539150151206,1.0
63.54393113841905,1.0
68.72671595557199,1.0
76.62799131315828,1.0
71.62510972458915,1.0
78.84675710388137,1.0
76.83358081664059,1.0
69.40909186454998,1.0
,1.0
82.96872987973488,1.0
56.203096074080975,1.0
60.07213749939781,1.0
,1.0
74.89591564186148,1.0
68.12637588912304,1.0
78.44475028572279,1.0
65.0397843504611,1.0
93.19214214359248,1.0
75.98721163442198,1.0
68.93832880286351,1.0
80.17254799441776,1.0
63.2399709327499,1.0
73.968490280082,1.0
78.52971288434301,1.0
79.99579470724221,1.0
67.91187404794951,1.0
74.96681377737673,1.0
75.63528686244564,1.0
85.14856458078302,1.0
90.70271807557364,1.0
71.83932005859191,1.0
56.36526252112629,1.0
77.00019447735643,1.0
70.01764697653111,1.0
83.90496602870503,1.0
87.647669280932,1.0
68.24992287042465,1.0
84.75404435789397,1.0
80.51053682181748,1.0
58.15288165064251,1.0
64.81103841798952,1.0
89.40913723617301,1.0
82.37709038389815,1.0
71.43105132932143,1.0
57.50805095620739,1.0
70.64819398751459,1.0
66.93910020045638,1.0
84.4925211670368,1.0
70.26646220632868,1.0
70.1300709624682,1.0
78.55383921429032,1.0
87.12062786914485,1.0
68.37657619077973,1.0
89.34717280102481,1.0
79.51062178669575,1.0
82.71132385615142,1.0
86.62430082136729,1.0
73.92164921826459,1.0
78.52796794342134,1.0
67.5061371928686,1.0
74.45402514102133,1.0
84.65210571062084,1.0
79.32731951939229,1.0
55.830214654249815,1.0
75.39816784143858,1.0
86.15949917642277,1.0
78.1798412278867,1.0
74.64310300107645,1.0
92.18351465799614,1.0
72.96107103162231,1.0
,1.0
82.03549372873582,1.0
82.90266900487006,1.0
66.98884171650913,1.0
81.81078499515576,1.0
76.54822533514849,1.0
81.29215307509885,1.0
72.32908865869567,1.0
79.48651934677756,1.0
69.88111699373202,1.0
66.69726986152051,1.0
80.94781794835049,1.0
81.60908563593193,1.0
83.08513508222862,1.0
83.19514832028739,1.0
71.55938926987547,1.0
60.90840370988491,1.0
88.74827199098306,1.0
78.91603143040975,1.0
83.11401564593737,1.0
76.09518246260694,1.0
82.97096358131259,1.0
68.2295203585773,1.0
72.40113424536048,1.0
81.19620165120904,1.0
83.62762857778955,1.0
86.53851566046725,1.0
79.91272501388707,1.0
70.58814880687336,1.0
88.40783335248011,1.0
82.93375744001936,1.0
,1.0
74.93966962228713,1.0
74.34355326940081,1.0
57.92578414288253,1.0
80.93240893100841,1.0
71.02755490946375,1.0
73.6321282556775,1.0
65.74060425347594,1.0
57.89199081192227,1.0
53.74111832901711,1.0
,1.0
77.74939269172455,1.0
75.31717237644293,1.0
62.930262668251274,1.0
80.08300144469649,1.0
65.40580055575674,1.0
62.061062553871665,1.0
74.92232917640338,1.0
78.20427697976231,1.0
81.22957911124115,1.0
,1.0
76.98161501832082,1.0
64.0492741465419,1.0
84.43622227442225,1.0
68.07371539850773,1.0
69.34493402798168,1.0
72.68144650088516,1.0
84.73412151935784,1.0
69.66055022176272,1.0
77.35652664653361,1.0
65.59630147282675,1.0
72.7096539233537,1.0
85.18246969007399,1.0
102.84514536912586,1.0
88.31984624920884,1.0
88.5978293776212,1.0
74.05655646587645,1.0
75.40251162308982,1.0
80.82920892129954,1.0
62.28611192767619,1.0
83.06999449686806,1.0
91.79710014283572,1.0
74.23461722000094,1.0
75.61207823466444,1.0
71.49075527889643,1.0
74.58253708484564,1.0
75.93401313648752,1.0
78.74448648569499,1.0
80.68746794880423,1.0
80.17288309519674,1.0
79.51662763246085,1.0
79.90847074888676,1.0
73.34048807980132,1.0
85.79239910826931,1.0
63.21572843070016,1.0
69.56747986312693,1.0
93.70485423923719,1.0
58.1686065567132,1.0
71.33648850124776,1.0
64.48010616855368,1.0
75.35578593262221,1.0
70.10916928676724,1.0
60.7039890049957,1.0
79.2098337875331,1.0
86.64713393488123,1.0
76.24206726004678,1.0
78.70132231153129,1.0
75.46547964634273,1.0
59.8523399142498,1.0
70.07048902642369,1.0
58.603139988492856,1.0
78.63356703714413,1.0
,1.0
91.66698398805426,1.0
59.000562155533615,1.0
55.626988532956176,1.0
79.82192317643195,1.0
73.08059232347846,1.0
69.30705388028352,1.0
,1.0
,1.0
74.28758417893455,1.0
78.84719094789023,1.0
72.74250363706419,1.0
,1.0
54.92968799328922,1.0
88.6029099314108,1.0
82.84160889744985,1.0
82.19630024082566,1.0
66.50384594566579,1.0
89.58684662371184,1.0
70.2202089031921,1.0
80.22041800320804,1.0
77.61028726339197,1.0
57.288441069207614,1.0
58.81524441401527,1.0
74.93623945638709,1.0
76.50809479365532,1.0
69.10744530274836,1.0
,1.0
79.38130741183011,1.0
82.56804940755191,1.0
49.6196721834642,1.0
,1.0
72.30749767229155,1.0
88.20878452744384,1.0
72.36959486598838,1.0
60.31840206450241,1.0
58.600688799632536,1.0
83.76992984148163,1.0
,1.0
66.52483977919621,1.0
74.06395997257512,1.0
71.14684944580574,1.0
78.83702867755495,1.0
96.74338984275212,1.0
73.40983100263429,1.0
59.602725651997254,1.0
89.18231120279349,1.0
75.96597893607697,1.0
73.64477826719094,1.0
66.63052213840766,1.0
77.59265193196725,1.0
,1.0
59.277093180260984,1.0
89.49997022239053,1.0
91.62569049652372,1.0
67.66998637124894,1.0
84.93036834892466,1.0
80.5210790954298,1.0
75.2282011433762,1.0
67.63405151842709,1.0
64.74413092589762,1.0
69.51864605974994,1.0
78.68853633382938,1.0
70.92624529435062,1.0
74.48780208274782,1.0
,1.0
62.36150460966915,1.0
86.34184812065429,1.0
79.14652658636834,1.0
73.57984243134352,1.0
90.65061808932657,1.0
68.22818379712041,1.0
69.39998520769774,1.0
78.92994428894457,1.0
79.96690639363544,1.0
90.02717198268327,1.0
,1.0
84.86314187565546,1.0
54.76550245022328,1.0
73.74820053045225,1.0
79.70759638479852,1.0
82.2722585308691,1.0
75.99660267330194,1.0
62.26631569887432,1.0
61.874328179127914,1.0
76.89817761412951,1.0
99.98656375347633,1.0
57.22508767431766,1.0
71.90296197607174,1.0
95.86682519909228,1.0
81.25380354503628,1.0
69.17448652186448,1.0
76.64112716573224,1.0
67.08779764741767,1.0
61.35136337572713,1.0
74.7853227800995,1.0
81.25647339628641,1.0
89.62131550148978,1.0
68.96018875617347,1.0
72.50363148003312,1.0
76.37394199487011,1.0
67.29436591291314,1.0
80.61832034779822,1.0
74.5363881454268,1.0
75.30663330510413,1.0
83.15335600491875,1.0
41.810926756378024,1.0
64.39351188003133,1.0
81.91667294979968,1.0
75.22521957774173,1.0
77.95716042152979,1.0
83.24980436125031,1.0
71.61680370659454,1.0
,1.0
92.81850688171313,1.0
83.44710688462696,1.0
73.10482475181291,1.0
100.50464424429983,1.0
96.30554779331254,1.0
81.29233859956071,1.0
88.73558196892715,1.0
71.20903323563299,1.0
70.61032520130277,1.0
90.49093490659178,1.0
,1.0
87.71338031579161,1.0
60.308464556874675,1.0
90.99541646577615,1.0
83.9692880737019,1.0
72.38806223941822,1.0
76.589806359521,1.0
68.70471937154723,1.0
63.94175132965496,1.0
90.71998272462619,1.0
86.00453459065041,1.0
76.73274782273586,1.0
83.60423943100639,1.0
84.44338865032186,1.0
72.52195480955886,1.0
75.83381225332195,1.0
75.2140699579934,1.0
80.37887346563262,1.0
68.15519080971254,1.0
77.13697907033524,1.0
62.17707288096845,1.0
57.278937391129034,1.0
81.34913698609009,1.0
68.1807130850666,1.0
71.54144330526107,1.0
93.31396073138865,1.0
68.7945931009777,1.0
85.75264567313674,1.0
72.07004825469913,1.0
83.62498622901623,1.0
79.23201300351698,1.0
57.38239002800252,1.0
66.86530033521774,1.0
56.38873378505984,1.0
68.59976762734534,1.0
74.34712873278866,1.0
93.3753290507217,1.0
,1.0
65.70845247075019,1.0
50.60046148190405,1.0
94.79748841877303,1.0
66.83864848596092,1.0
84.22383037345568,1.0
81.540824923159,1.0
78.06972834108879,1.0
68.93127304711984,1.0
78.33735653874707,1.0
93.12691093565468,1.0
66.43132760223875,1.0
93.97536983576052,1.0
,1.0
77.06271175904787,1.0
76.32235571736638,1.0
68.07863963381021,1.0
82.00336216064004,1.0
75.07409371982033,1.0
81.65443902816884,1.0
66.00502945649595,1.0
74.25842150327881,1.0
,1.0
80.39152197956004,1.0
72.37672209765445,1.0
79.00928908717384,1.0
69.35234535422511,1.0
58.75585505714679,1.0
81.35178488289257,1.0
79.8913433639559,1.0
91.9136818692921,1.0
67.34106756309907,1.0
77.07859240708945,1.0
63.390567051741,1.0
,1.0
84.02717501575185,1.0
86.3049052242899,1.0
74.98890946490346,1.0
86.0624803088865,1.0
75.55247835929234,1.0
77.63567036851863,1.0
85.22747750617123,1.0
71.59165332008556,1.0
81.13417535360252,1.0
71.28162461142769,1.0
75.68311561806297,1.0
80.79926707333772,1.0
61.06369030227523,1.0
73.04674325135099,1.0
84.16498471056184,1.0
75.36437525677714,1.0
70.43918284968717,1.0
93.75205298606112,1.0
94.7547941694544,1.0
76.39746939812453,1.0
77.72980469210356,1.0
81.36632643277426,1.0
70.11233829432867,1.0
75.85621965901348,1.0
72.83472673448414,1.0
60.75904224455824,1.0
94.02831679495837,1.0
80.41181433710922,1.0
66.15520104394827,1.0
62.79729572849032,1.0
89.94027945892823,1.0
80.87127758461416,1.0
,1.0
81.18886400914947,1.0
80.74702102011051,1.0
58.432164044379334,1.0
46.48959742727713,1.0
72.31013966650383,1.0
45.47873072496035,1.0
78.3477723355584,1.0
97.38051976557827,1.0
55.69323719042254,1.0
71.83621385677421,1.0
92.2355022150567,1.0
57.038386829225274,1.0
77.58055018187068,1.0
78.24497743997702,1.0
83.92865709100901,1.0
60.565260325690424,1.0
,1.0
68.22434295834155,1.0
74.7324850515989,1.0
78.25760419369442,1.0
86.85534316991655,1.0
,1.0
89.64060100221135,1.0
80.49110271629884,1.0
71.77088712922217,1.0
54.98775495696168,1.0
74.82886523977945,1.0
79.84482456108773,1.0
85.9248983422936,1.0
77.08257665165402,1.0
77.31731313470782,1.0
67.39604691285955,1.0
59.35704420573245,1.0
82.95206174300974,1.0
74.54948030735089,1.0
66.6812952435241,1.0
78.35198766039869,1.0
72.73930301120977,1.0
73.72416220237412,1.0
74.574179436938,1.0
74.09192750593023,1.0
59.20615265114631,1.0
70.11654951101634,1.0
88.86269839378235,1.0
72.21996751741445,1.0
73.330400146562,1.0
80.51722238277532,1.0
68.08849632647821,1.0
75.61556878470086,1.0
64.8229041560692,1.0
67.0630010402861,1.0
99.9468579994264,1.0
86.2225168564546,1.0
69.1836127496092,1.0
53.38883607434937,1.0
57.275247663105944,1.0
82.0472138714894,1.0
73.17344570653631,1.0
65.71067307025791,1.0
79.91594482114792,1.0
85.51040948253457,1.0
52.166946716692095,1.0
70.17057902737054,1.0
,1.0
97.14299240898023,1.0
65.40380051912605,1.0
,1.0
70.43172061232093,1.0
72.39019087285956,1.0
71.74926817970832,1.0
78.04897362753331,1.0
70.57779646286824,1.0
74.78216107107859,1.0
73.08895211262252,1.0
71.86407196270487,1.0
73.11720251466348,1.0
74.74199993709911,1.0
62.463177861558094,1.0
72.50708242776464,1.0
79.18578131376887,1.0
70.93447929086064,1.0
60.035722025202986,1.0
64.45239512461939,1.0
,1.0
88.4645738392082,1.0
76.57994294169622,1.0
74.5403025968216,1.0
64.8520023215882,1.0
68.03613329327906,1.0
65.5185432127675,1.0
80.26778532156237,1.0
78.2338552019955,1.0
84.14279394265577,1.0
75.6601767495923,1.0
72.36271270915394,1.0
79.17465602318825,1.0
89.70412235583073,1.0
53.716462089297096,1.0
75.2715563279979,1.0
67.15003503028937,1.0
75.23724109119057,1.0
83.845421877459,1.0
80.6364304634844,1.0
70.67854830112621,1.0
80.8160832956416,1.0
76.64296744395406,1.0
73.78812317789883,1.0
67.26900394351784,1.0
68.43448206698525,1.0
72.37208610350376,1.0
85.3737616296316,1.0
66.33830010637992,1.0
80.88100138576561,1.0
78.72962222155834,1.0
65.22496894505657,1.0
54.0887479843122,1.0
67.68677305796749,1.0
94.24134913854118,1.0
91.9392869957558,1.0
83.89658843479677,1.0
63.06449614618427,1.0
70.04428375158115,1.0
73.88997042499288,1.0
63.51528327491334,1.0
79.37676739872033,1.0
73.84847107165736,1.0
71.56794107474472,1.0
84.11159844679598,1.0
61.402650396244184,1.0
74.57593557653969,1.0
76.50629227605039,1.0
71.09432333590124,1.0
59.41932434617355,1.0
73.15467980015322,1.0
77.42849824126527,1.0
91.63510435309743,1.0
71.86146344521073,1.0
67.34207525634214,1.0
73.28856614861766,1.0
78.39635558501249,1.0
67.10482075853633,1.0
73.9589181168605,1.0
63.09135441964568,1.0
66.76306445606866,1.0
88.2050498966765,1.0
73.43855841914181,1.0
104.33269000696333,1.0
80.75006513926789,1.0
81.2044151363564,1.0
67.42428816735158,1.0
62.35207349232094,1.0
65.73208437164769,1.0
82.71030062702631,1.0
82.56775494700844,1.0
84.61479969531845,1.0
74.09140254985884,1.0
75.54785302162001,1.0
77.0404245176736,1.0
79.94059604038043,1.0
,1.0
84.70844427263367,1.0
66.34389211944219,1.0
62.71758818468849,1.0
83.62124751145954,1.0
67.80681488407994,1.0
78.96217148735273,1.0
88.00469670709842,1.0
60.920195907317165,1.0
69.58653275776612,1.0
75.08014790559754,1.0
,1.0
76.4676277750371,1.0
74.91119777352613,1.0
73.45178868663199,1.0
80.18972726811498,1.0
73.12986199742363,1.0
94.67502388862384,1.0
88.51210789649501,1.0
76.84450307737666,1.0
73.02134127080883,1.0
74.43285521526234,1.0
82.55976919195538,1.0
63.030715696265396,1.0
,1.0
63.71316823813214,1.0
87.35023824074699,1.0
63.25116966088446,1.0
90.98784050898092,1.0
70.04046804629913,1.0
70.08310621164289,1.0
70.11458094011026,1.0
59.1677189018225,1.0
78.90609381786376,1.0
52.018047500623894,1.0
69.2394633905325,1.0
80.23112835414094,1.0
68.34206003202321,1.0
74.06009358717529,1.0
68.82244552506054,1.0
56.63883411086119,1.0
76.8598188558214,1.0
86.9073811230668,1.0
90.18295510267869,1.0
91.78193249333025,1.0
54.211584558069774,1.0
57.026639176543206,1.0
64.42733504864945,1.0
71.10268375341647,1.0
59.56385883063585,1.0
,1.0
84.063347941804,1.0
79.85891550351978,1.0
72.21651803178031,1.0
76.81351253467338,1.0
82.84672518328097,1.0
69.66165986993558,1.0
84.92198762634595,1.0
89.54040452549984,1.0
76.60960758581513,1.0
77.74434807339605,1.0
100.25144838430947,1.0
88.28980229318907,1.0
75.66601701979334,1.0
83.55543523142886,1.0
68.50606420825213,1.0
67.32413869450968,1.0
72.20435372646985,1.0
70.76436964886062,1.0
73.83472798703187,1.0
58.51200228067083,1.0
84.67718353571689,1.0
82.78358682084905,1.0
75.34924164354584,1.0
72.61024314113628,1.0
86.51692018278698,1.0
82.24370198912189,1.0
70.51777225815505,1.0
74.38368293345629,1.0
72.24768227180897,1.0
68.21304946579983,1.0
76.11120512469871,1.0
108.53150016844234,1.0
91.86503637643841,1.0
55.147983050245244,1.0
,1.0
67.11483802103793,1.0
75.1476101740222,1.0
88.68321208225025,1.0
85.17016677230573,1.0
,1.0
74.11382369410245,1.0
64.49036586709218,1.0
72.22246596993975,1.0
79.47716775414071,1.0
79.22246924983425,1.0
66.86731260719148,1.0
88.97976816006714,1.0
61.839889784805415,1.0
70.55380221562926,1.0
81.7736494807397,1.0
69.9826758018606,1.0
68.17993740353697,1.0
,1.0
81.53388466256129,1.0
66.4173904664631,1.0
83.89583947556135,1.0
78.9848848131188,1.0
79.79576027173725,1.0
57.221097288351764,1.0
76.89908967304173,1.0
67.37845942366413,1.0
62.82511949841066,1.0
73.12394208264922,1.0
70.25477090511846,1.0
75.36182268833089,1.0
83.10170364015757,1.0
80.80364972735887,1.0
70.8854501202506,1.0
86.58236471570953,1.0
66.94447062240683,1.0
65.15086977672877,1.0
89.96234112643543,1.0
73.31937014756124,1.0
68.91474402459163,1.0
85.91126339951767,1.0
87.37250749298758,1.0
80.59138626581787,1.0
72.4256572760641,1.0
84.14743132187138,1.0
79.9255330715127,1.0
76.00508782414778,1.0
73.84909101037854,1.0
85.15303266032986,1.0
65.45761936573795,1.0
60.13740410164143,1.0
79.05989980809872,1.0
84.82549943736153,1.0
63.514801328719614,1.0
83.9368722579336,1.0
69.82300584478227,1.0
74.65530470202417,1.0
79.24294771953073,1.0
80.76799261869917,1.0
74.89366389729365,1.0
97.34468286617842,1.0
78.48917916858768,1.0
84.39140032946607,1.0
78.55588809883928,1.0
65.67516082123603,1.0
,1.0
75.27833620050299,1.0
53.634524853358705,1.0
77.56099179621313,1.0
75.05327421102618,1.0
82.56376370241162,1.0
83.22633366665829,1.0
63.45200305563136,1.0
65.557797078866,1.0
93.32735479559017,1.0
79.63998254095453,1.0
87.82777647211063,1.0
85.27768946271837,1.0
72.17207603297742,1.0
79.20328026936949,1.0
77.03512205298865,1.0
61.00900076540904,1.0
82.64595230941188,1.0
,1.0
67.20479491873441,1.0
80.57081320285977,1.0
70.63981815549576,1.0
59.330961001518446,1.0
51.154792506371734,1.0
71.79487406920937,1.0
70.49528242915636,1.0
67.39987764407323,1.0
80.9447094552562,1.0
45.426616583893264,1.0
89.52870626234052,1.0
85.00819055242374,1.0
75.87314374738145,1.0
76.35487898127245,1.0
68.37574979883762,1.0
,1.0
72.00872419235431,1.0
75.76167739358937,1.0
81.52344105412827,1.0
77.06262181354727,1.0
80.66789456567876,1.0
85.38109205482476,1.0
76.91677579796193,1.0
79.67104990724077,1.0
77.31368677383375,1.0
63.47366307499296,1.0
74.6062806331302,1.0
64.11346119189909,1.0
73.52363867946636,1.0
66.52402424983381,1.0
75.9922635236635,1.0
80.04173575383867,1.0
64.96262715975894,1.0
87.41566838663941,1.0
92.18118803146673,1.0
71.6031816801354,1.0
74.86494255692517,1.0
87.69710944852001,1.0
70.75822397839511,1.0
79.18211192380544,1.0
66.90755677768351,1.0
67.51885816338874,1.0
87.32758113383574,1.0
51.54126140527619,1.0
91.466155097575,1.0
63.36775685895571,1.0
72.46742755367994,1.0
93.848390318826,1.0
64.02248583053334,1.0
75.56959044439306,1.0
71.41671644668605,1.0
85.9148801526336,1.0
83.24338283048952,1.0
91.63597215401239,1.0
86.67506576591842,1.0
64.85294933917824,1.0
81.03523057438237,1.0
72.89457855459685,1.0
61.76666156940549,1.0
61.124295526334976,1.0
80.72945695152336,1.0
70.41514939376313,1.0
58.84625495074303,1.0
66.7792788140597,1.0
58.804346909472784,1.0
59.95907908387217,1.0
75.4904984980734,1.0
63.176251174156675,1.0
83.32861178473267,1.0
90.04624991657776,1.0
,1.0
70.20058526188504,1.0
72.73659004488458,1.0
67.18268534099424,1.0
82.77292610341486,1.0
62.33662366913645,1.0
75.26723440616925,1.0
76.71996754490911,1.0
62.889875254695184,1.0
74.19284429138244,1.0
78.68831902777934,1.0
73.38095123048218,1.0
89.79474270192574,1.0
66.42506914592481,1.0
67.17310506429128,1.0
57.39007303434626,1.0
77.04514193480857,1.0
49.91449218308823,1.0
69.32070748951409,1.0
78.08437332460224,1.0
71.30352881459189,1.0
82.14809626022361,1.0
72.20364051116967,1.0
70.19459023408632,1.0
77.75817756396678,1.0
84.13074246098458,1.0
65.42135329167455,1.0
65.48008908319636,1.0
,1.0
,1.0
65.91558288972772,1.0
70.95809340245653,1.0
65.05339024474173,1.0
77.44742500791992,1.0
69.8292634307715,1.0
80.0186075032087,1.0
72.36298512816936,1.0
50.78698737238183,1.0
82.75056725095533,1.0
61.061238657215505,1.0
69.56550594243136,1.0
58.85139227766358,1.0
,1.0
71.59034592700172,1.0
87.22692900527844,1.0
61.45575897028281,1.0
73.07786577628711,1.0
71.54234234884319,1.0
92.32602690327987,1.0
67.36583520522491,1.0
89.17039472777205,1.0
83.14808211685626,1.0
72.0132558848895,1.0
56.60911630201507,1.0
70.96610131420003,1.0
80.27672539278348,1.0
73.83704217313709,1.0
94.63119274173744,1.0
87.2860541729598,1.0
64.60631772527209,1.0
83.08906710209261,1.0
76.25586510670863,1.0
63.4722610007743,1.0
82.418474758939,1.0
75.71515488333712,1.0
82.00710174932229,1.0
59.822256918091966,1.0
71.19271201487177,1.0
83.29667714191024,1.0
85.01507668884642,1.0
,1.0
60.79615510472571,1.0
72.5502481590312,1.0
78.73006418161083,1.0
87.31025180097812,1.0
76.52698468310324,1.0
76.7098840588397,1.0
76.64923928385736,1.0
77.02456483289585,1.0
73.00077531809096,1.0
69.85799648201282,1.0
82.9289880828045,1.0
80.68358649499086,1.0
82.32551510733387,1.0
78.01666262055049,1.0
74.92739492623421,1.0
61.91693263528935,1.0
65.92457528807053,1.0
62.34211703696267,1.0
73.37016811515036,1.0
85.88921822248167,1.0
82.99094205307775,1.0
64.13064633867735,1.0
67.22412090536496,1.0
74.27078074872719,1.0
81.95931311873588,1.0
,1.0
60.28209937074642,1.0
89.86754637124535,1.0
62.14968453688581,1.0
73.81053480957551,1.0
88.05629406644853,1.0
88.87043214868211,1.0
68.5254051045153,1.0
72.44622616503224,1.0
69.52489168445801,1.0
75.84961969859859,1.0
78.32471637218735,1.0
72.99502983685696,1.0
91.4383406307601,1.0
65.20128372374299,1.0
,1.0
60.27110401911552,1.0
73.16281684539899,1.0
90.28419541962236,1.0
72.43034395031954,1.0
67.72622752675953,1.0
75.28074183974017,1.0
55.90918030828754,1.0
71.89656441307308,1.0
72.85770315262192,1.0
62.21159697283665,1.0
71.32477746773223,1.0
73.99026984953116,1.0
,1.0
,1.0
71.8597519296343,1.0
77.85588656252662,1.0
88.29824803437448,1.0
78.44330259448313,1.0
66.49358736205195,1.0
65.76580113125235,1.0
64.27003912981269,1.0
71.30548309618658,1.0
75.67436919897953,1.0
69.70876580647014,1.0
80.16447397468889,1.0
80.04239642994007,1.0
64.5325760151733,1.0
72.20802831603596,1.0
88.90100908700597,1.0
72.60123895979123,1.0
60.66217310079345,1.0
71.90024099514737,1.0
54.34168101031319,1.0
57.60884859031556,1.0
49.67419844326472,1.0
79.42809994472735,1.0
,1.0
78.61582397282365,1.0
80.31221814938577,1.0
88.77311514404758,1.0
72.30641939879393,1.0
67.4732037141744,1.0
66.78201308737052,1.0
63.40989784102993,1.0
95.6128806244659,1.0
60.27941847125712,1.0
68.81335941030333,1.0
73.25587039089775,1.0
80.08791117797784,1.0
67.74102154347632,1.0
86.24489851613583,1.0
70.43329663642432,1.0
76.15582945673154,1.0
81.10655675014745,1.0
76.05918775185569,1.0
88.03766759318486,1.0
79.24519674824707,1.0
60.01116185153115,1.0
82.00997665079274,1.0
87.90750640184433,1.0
58.38022417270679,1.0
76.42420817212314,1.0
76.49132033756636,1.0
70.71145193273075,1.0
54.63029636003921,1.0
94.23045744261056,1.0
78.97340278350505,1.0
71.58573844457365,1.0
85.5590289200689,1.0
89.27434629390353,1.0
,1.0
60.69631068280913,1.0
63.27183970582695,1.0
72.27993367267564,1.0
70.1600877833814,1.0
66.85217401025751,1.0
56.13952522295361,1.0
63.40494965676018,1.0
61.60739479594126,1.0
78.04211080331567,1.0
72.40612687825298,1.0
83.57711474234506,1.0
72.34008515972373,1.0
62.28675662976671,1.0
88.59999664547794,1.0
67.62571577053761,1.0
60.91131889485986,1.0
63.543365764185225,1.0
60.4297343165034,1.0
87.31793000724902,1.0
92.88688022134029,1.0
73.80247562208096,1.0
56.502867379089516,1.0
81.77237329096704,1.0
92.20266211971091,1.0
68.31504436651602,1.0
72.57003215955704,1.0
79.84715736672004,1.0
81.23668928436233,1.0
66.64626784084139,1.0
70.23978834982151,1.0
83.67700404777364,1.0
57.955726590126744,1.0
86.38601937803014,1.0
69.87255484431057,1.0
67.2819459265275,1.0
83.48607001911881,1.0
76.45232881851591,1.0
90.51062159631618,1.0
46.80167015193577,1.0
77.23800609721184,1.0
65.21277291879116,1.0
74.47681121970287,1.0
67.72342821216053,1.0
94.43979321744783,1.0
53.12051337171224,1.0
68.6376400895454,1.0
72.85796453081262,1.0
63.80347156723944,1.0
80.67330625319515,1.0
78.98596453765164,1.0
76.67350054774916,1.0
81.46641620092399,1.0
82.80737889157467,1.0
67.29493131338613,1.0
78.20176383330173,1.0
89.20802478689319,1.0
91.40585764727115,1.0
85.3477874840376,1.0
72.10822753929031,1.0
77.84590043690248,1.0
83.78793571363863,1.0
82.103780417268,1.0
79.17743780986186,1.0
85.87955626361793,1.0
65.93144968991362,1.0
83.83468760469177,1.0
71.66229818223898,1.0
89.95395923456553,1.0
64.75884912738331,1.0
70.36758818350465,1.0
81.7388152164048,1.0
75.9934409143053,1.0
78.11698409496624,1.0
96.64598247589436,1.0
74.7290783608407,1.0
80.61263534943012,1.0
79.6487048570101,1.0
63.56724250078156,1.0
82.49060707720145,1.0
95.93233484026226,1.0
74.48562002013918,1.0
79.32345410674458,1.0
77.07473641882902,1.0
,1.0
79.60230791949103,1.0
72.6200919610567,1.0
78.26504730556634,1.0
,1.0
58.23415716455216,1.0
77.07429336365938,1.0
82.8110437108095,1.0
73.1862701725967,1.0
70.30139528870365,1.0
90.64733913006746,1.0
66.33476263005501,1.0
73.90439743411034,1.0
54.81270358626703,1.0
79.58544818692666,1.0
83.92476076629272,1.0
69.7586060805403,1.0
73.29441746242591,1.0
68.46803531568484,1.0
89.81088044137157,1.0
53.9535578083207,1.0
80.15679724265624,1.0
79.00912393815842,1.0
62.999706955116196,1.0
81.14312041189939,1.0
64.84802740771143,1.0
79.27492345885258,1.0
72.98132686526716,1.0
61.51665167811518,1.0
51.36112725793989,1.0
70.35317668043245,1.0
84.43158635138103,1.0
68.16514726381946,1.0
71.4101833083251,1.0
89.51640131292513,1.0
74.2908107839086,1.0
77.9106289897721,1.0
73.7661554257517,1.0
65.67351693041284,1.0
69.63238913137619,1.0
71.83286096147765,1.0
81.71134295825928,1.0
81.59232657870787,1.0
87.22904779592585,1.0
63.39958634758777,1.0
75.07814984271127,1.0
77.81701923526074,1.0
64.5597076706754,1.0
63.546831573755924,1.0
62.117547525962365,1.0
62.90870203905311,1.0
58.48594194361673,1.0
88.25178884171623,1.0
68.9025775646965,1.0
67.7141332350863,1.0
79.39388765253474,1.0
69.06335863311698,1.0
81.05454876145112,1.0
73.68352630855092,1.0
76.95140907047649,1.0
71.18073248966112,1.0
80.70397520649084,1.0
,1.0
86.16051630146535,1.0
75.9011865738482,1.0
68.85157064885603,1.0
68.86040154581767,1.0
71.27636954475496,1.0
94.63624181678779,1.0
83.37554227424297,1.0
61.428381484462925,1.0
83.17391759143726,1.0
79.6873223437661,1.0
75.00859979020117,1.0
78.76185797594577,1.0
88.31213727631712,1.0
55.55404556859628,1.0
82.83962816759822,1.0
59.572016138916986,1.0
82.70357120899162,1.0
58.425871686779026,1.0
82.48736499712226,1.0
82.35339058613577,1.0
73.02656950703128,1.0
73.65525911975396,1.0
76.86829034590708,1.0
80.59729352211197,1.0
73.87162629600883,1.0
69.05511543195396,1.0
80.53811435063996,1.0
65.70363212672473,1.0
59.972349817968265,1.0
72.17391656307846,1.0
72.56326122954962,1.0
80.7551517454316,1.0
62.572783895650474,1.0
94.57130568408874,1.0
84.3164396679628,1.0
76.4065509330745,1.0
83.54533271181087,1.0
80.16614786875182,1.0
72.9307422958331,1.0
88.16895550194747,1.0
82.2731366493329,1.0
68.3151456048723,1.0
60.41148162451023,1.0
72.3277712538538,1.0
67.81067069588487,1.0
85.90823862002532,1.0
87.30906865664275,1.0
65.12017321059062,1.0
79.71533026268742,1.0
96.34537093358762,1.0
62.22812684300618,1.0
59.36916164730442,1.0
57.63788442585048,1.0
83.74950576862439,1.0
77.45499632154392,1.0
72.32848929247837,1.0
81.59919301884833,1.0
77.56538126889782,1.0
79.05185980987865,1.0
68.41799945915957,1.0
71.73247144816683,1.0
92.53624572502933,1.0
74.87087485876465,1.0
82.62411720929526,1.0
56.30538657847866,1.0
73.42792775478995,1.0
78.086191666504,1.0
89.91597936844018,1.0
,1.0
67.25536747390814,1.0
86.24260248799472,1.0
,1.0
75.57167492852533,1.0
67.5828387134464,1.0
56.617394769631304,1.0
73.37299654755974,1.0
52.82066796694704,1.0
72.40824606398537,1.0
87.36770696156688,1.0
82.15327130941982,1.0
72.28975844819429,1.0
85.22700377864541,1.0
69.80939056468104,1.0
79.3248436969698,1.0
64.9719980118313,1.0
58.20595566721832,1.0
74.5474250378775,1.0
69.61482188600938,1.0
77.97041097356066,1.0
71.80363097776123,1.0
84.84732409437407,1.0
70.15878152073235,1.0
90.27281110144303,1.0
78.1936374946992,1.0
60.64884109976679,1.0
65.41351850346496,1.0
58.64389612739752,1.0
74.69343094009855,1.0
83.1103069950152,1.0
76.01537590713963,1.0
88.38516586517957,1.0
79.31320409884731,1.0
65.53323225547395,1.0
76.55670369174486,1.0
76.43518548228661,1.0
73.33444100064756,1.0
80.32619521584604,1.0
78.95647572640101,1.0
71.19526401242605,1.0
82.99851487244007,1.0
,1.0
82.22437022793517,1.0
70.1280598503957,1.0
76.0005695569793,1.0
74.43827999717007,1.0
78.21630697118046,1.0
,1.0
85.50001895714675,1.0
79.5336986648595,1.0
92.55913759921737,1.0
75.18581248356732,1.0
96.26306893528456,1.0
60.84845518146842,1.0
74.10597469636693,1.0
48.282329087539296,1.0
77.95311501520024,1.0
87.22320848603471,1.0
61.29954225030751,1.0
94.39231869461678,1.0
60.04273379994167,1.0
66.98579555993717,1.0
83.17297395577545,1.0
59.552013570301604,1.0
78.5089940288063,1.0
82.64931966313686,1.0
70.84384242363205,1.0
91.24857364840005,1.0
87.19740238122739,1.0
47.003616955415055,1.0
81.92064094580253,1.0
85.91149827331182,1.0
64.0242925701719,1.0
84.20627981902066,1.0
65.32529419234096,1.0
62.77868796166059,1.0
71.82099272998991,1.0
79.40684691338677,1.0
74.24842990665084,1.0
69.67287498646756,1.0
,1.0
66.94465916867452,1.0
64.41001240672144,1.0
61.47740274414336,1.0
73.40415112825035,1.0
87.42599456136199,1.0
82.39073736742722,1.0
70.24714470936324,1.0
63.34686851384522,1.0
74.27299244625344,1.0
66.79496667414878,1.0
75.30286862857766,1.0
61.63659167771037,1.0
68.86568745107368,1.0
92.17251443548803,1.0
77.95924811640009,1.0
72.06298063153808,1.0
75.56591203376905,1.0
85.63954957132886,1.0
61.0144718581653,1.0
82.85115122868334,1.0
76.3340311586519,1.0
73.60081848780978,1.0
72.28711836133827,1.0
77.16700152169786,1.0
58.91128024299671,1.0
74.3147748195157,1.0
72.89139737128531,1.0
79.46495929112442,1.0
65.3807741823014,1.0
72.12814703725716,1.0
66.32499897015707,1.0
74.54481341881126,1.0
85.47117371149147,1.0
76.89322773528221,1.0
57.949349863969644,1.0
78.6416957750939,1.0
82.40854114247678,1.0
76.69595655319313,1.0
73.56807338311393,1.0
76.9088389064603,1.0
75.35853525948711,1.0
88.35937010738027,1.0
77.7630410999107,1.0
71.65443276133445,1.0
68.29205735206166,1.0
75.28144289420143,1.0
73.73856866661411,1.0
80.09162855510111,1.0
61.160139414030226,1.0
56.696087001206564,1.0
59.59596102806515,1.0
75.79273464786733,1.0
74.62451236882387,1.0
58.36125326248137,1.0
81.8756512194045,1.0
67.79178573108135,1.0
67.71012851263444,1.0
69.81021293745388,1.0
88.36334800323364,1.0
67.16912306272886,1.0
79.98624609560623,1.0
78.12224829064266,1.0
80.92767671720276,1.0
75.2760857489439,1.0
63.414121664322586,1.0
88.90378026376452,1.0
55.49188746977579,1.0
81.94834023314363,1.0
62.482735696544246,1.0
60.07184073443005,1.0
58.254908340389974,1.0
66.18555712833107,1.0
75.70791269207636,1.0
80.89652370365145,1.0
85.7197966689479,1.0
74.75595195091682,1.0
63.22795386697056,1.0
66.17190092516515,1.0
91.61408990850012,1.0
87.42385672075619,1.0
89.0567146156348,1.0
67.06713666399801,1.0
,1.0
,1.0
79.26780143257135,1.0
71.88243835985807,1.0
80.71394943282525,1.0
64.29705006026003,1.0
86.10006550509318,1.0
95.25021210276125,1.0
86.32412470039057,1.0
87.50279625353423,1.0
78.36138278423955,1.0
83.43491562945528,1.0
84.26841290849578,1.0
78.7586129945242,1.0
76.69466137613333,1.0
58.15512002048019,1.0
68.39065313036689,1.0
73.95788442728131,1.0
62.56733902711596,1.0
75.31645790581133,1.0
82.482230376612,1.0
81.00661734398895,1.0
66.01410639633946,1.0
77.57117408925924,1.0
79.32422050697046,1.0
62.89977681333573,1.0
66.32380274775657,1.0
81.1041585081596,1.0
58.58773851782311,1.0
82.45621241758191,1.0
67.74401591200376,1.0
69.80892213971467,1.0
80.23291409463383,1.0
60.59915842065391,1.0
79.12640046443516,1.0
80.19921850966327,1.0
73.73105834585903,1.0
75.4980504490299,1.0
112.14603943499797,1.0
89.47208097442109,1.0
62.939105948781055,1.0
63.10315333056758,1.0
85.92176685505206,1.0
65.88695235713966,1.0
60.280479773088636,1.0
72.18360971723327,1.0
83.59719033587197,1.0
75.4128282747496,1.0
75.93426718367886,1.0
54.246107354495166,1.0
89.91753498627355,1.0
92.0793316474467,1.0
53.40128187486117,1.0
57.576648435716244,1.0
72.51778234136806,1.0
82.34824070009503,1.0
86.54157932453319,1.0
76.15056932534154,1.0
66.11872480239298,1.0
86.41639302570204,1.0
64.45526249537538,1.0
70.44793085220923,1.0
96.7595506432115,1.0
58.031327620632894,1.0
70.89768215971645,1.0
75.45748572332995,1.0
69.9213585689105,1.0
69.18296690582679,1.0
69.98466918578339,1.0
85.94160853669399,1.0
85.55342181529024,1.0
81.5422722196561,1.0
77.54854931839657,1.0
79.01094924582745,1.0
70.82703376753857,1.0
91.39370561236281,1.0
79.24951845064459,1.0
68.8475863355484,1.0
72.44938064589434,1.0
80.82873671264468,1.0
71.39371245722698,1.0
49.497622580656085,1.0
57.63188693649472,1.0
76.63222208005381,1.0
81.86589255552985,1.0
102.21885821555198,1.0
70.68682269085612,1.0
76.73049904899217,1.0
71.53837677331938,1.0
75.41053834492116,1.0
87.05896394977546,1.0
68.43823914203276,1.0
78.12330035760769,1.0
66.09908043426817,1.0
83.27818348921224,1.0
85.75397391817374,1.0
61.018150197929984,1.0
,1.0
73.2281239143315,1.0
60.71201655485296,1.0
84.98184983507679,1.0
55.96801929313237,1.0
85.58414386735764,1.0
64.12588535693718,1.0
69.20609864688707,1.0
69.51734475172529,1.0
65.0046630272174,1.0
65.58367936095622,1.0
82.11200186044474,1.0
75.04789144430615,1.0
82.02940836032704,1.0
93.60792143628217,1.0
74.71296163965123,1.0
83.17278808651659,1.0
72.8997382077415,1.0
57.18873028647904,1.0
67.35656796176242,1.0
,1.0
65.98393752086271,1.0
58.01270429291762,1.0
84.8311095989931,1.0
77.30348298642612,1.0
76.52303039118144,1.0
70.14933424015332,1.0
81.43081417352047,1.0
55.11195332544238,1.0
55.320187324508595,1.0
72.58832528766166,1.0
77.44889973939979,1.0
64.48284700391154,1.0
70.09952191121212,1.0
76.94389504923055,1.0
86.91875166519377,1.0
72.75177352085186,1.0
88.0203635574704,1.0
71.86751818552588,1.0
80.77288236894245,1.0
57.92982350026517,1.0
74.87933020053643,1.0
83.53459995372287,1.0
62.936912885149795,1.0
73.41065132823519,1.0
50.23916610085526,1.0
73.08896101296241,1.0
83.96532798681213,1.0
74.57940937421775,1.0
81.54416604418131,1.0
81.6633813275147,1.0
82.01585801486378,1.0
73.0120282826686,1.0
69.3337080603189,1.0
77.31941764521508,1.0
53.81208298574809,1.0
82.90545381705735,1.0
94.1786060058245,1.0
62.78072624680266,1.0
89.73844129916877,1.0
83.39138977883522,1.0
76.55596873660707,1.0
97.6426975073222,1.0
84.74563555926926,1.0
61.74508871928713,1.0
80.409141842342,1.0
80.90064929064496,1.0
90.0796842576463,1.0
81.4321065089569,1.0
74.33766430229599,1.0
77.73193979055557,1.0
77.51537105272655,1.0
49.02083370315324,1.0
65.17223076571125,1.0
78.33400544443917,1.0
92.92831231419478,1.0
,1.0
81.49077912879072,1.0
77.33004512659863,1.0
86.01123380180898,1.0
74.10626609038405,1.0
80.87154667493854,1.0
72.81673039166776,1.0
65.33090927084437,1.0
62.462957118667696,1.0
82.99635320545782,1.0
75.40919030000796,1.0
97.45948684643913,1.0
75.39443292206258,1.0
57.95978140092103,1.0
84.71746119557224,1.0
69.36315803222874,1.0
74.68756039992708,1.0
96.04430705308519,1.0
71.08075475771534,1.0
69.10983951486101,1.0
73.56329498921333,1.0
74.51976244506163,1.0
67.02367580889732,1.0
51.33959516648203,1.0
71.33653872662832,1.0
59.67117580874823,1.0
75.55811442708402,1.0
74.70375794694657,1.0
63.89295458357939,1.0
86.52191784377183,1.0
,1.0
80.47315711074408,1.0
74.28528497394353,1.0
84.98094872396918,1.0
82.65916940011994,1.0
74.81644538439184,1.0
84.84156381442676,1.0
73.89015201169717,1.0
56.49520472755309,1.0
75.31414964863998,1.0
69.69763470184137,1.0
68.9797354796575,1.0
75.81906839808707,1.0
80.3350747980196,1.0
65.38217845780156,1.0
72.79663245924628,1.0
61.65722624236517,1.0
69.50664597895486,1.0
70.29062526002127,1.0
59.340430338574926,1.0
87.04117783676462,1.0
78.60888297547119,1.0
92.50406250849898,1.0
89.66136381952522,1.0
62.89931915313934,1.0
79.66186867913808,1.0
74.93095545596478,1.0
74.23361101689208,1.0
68.64814314426107,1.0
74.48959555352958,1.0
69.11162731817024,1.0
82.8767850451892,1.0
90.13874991221923,1.0
67.21266169738851,1.0
94.90489359718102,1.0
59.47987264529484,1.0
87.43961815833973,1.0
,1.0
67.3193975637345,1.0
76.81236072917025,1.0
76.72339329495081,1.0
71.84055901261486,1.0
64.76836362289849,1.0
81.27682139592325,1.0
72.0059840541313,1.0
72.11605117873036,1.0
59.50770119911154,1.0
73.58127721844855,1.0
64.26457379277441,1.0
69.69665791856183,1.0
80.64869123750269,1.0
73.4100259245738,1.0
66.95899725237851,1.0
87.43611911959339,1.0
77.22809868215118,1.0
74.56852987792456,1.0
57.80493658941761,1.0
,1.0
80.20465049441627,1.0
57.038034676241836,1.0
77.95270795582537,1.0
72.91101650361094,1.0
70.0525256183677,1.0
60.23983263529553,1.0
58.69878130457854,1.0
72.5645514234058,1.0
64.34189369581733,1.0
91.56146645233655,1.0
89.5827054735294,1.0
91.80197138858769,1.0
74.1921629804671,1.0
72.06874380180011,1.0
86.13142454212635,1.0
65.13526213795677,1.0
63.94172435314381,1.0
83.62916960078287,1.0
76.42216311906402,1.0
63.011421666468735,1.0
93.86349851098441,1.0
76.5457197038894,1.0
77.99590022919944,1.0
72.82423350562479,1.0
66.04039128559886,1.0
68.91071709085047,1.0
,1.0
70.04152955841454,1.0
65.11310720457055,1.0
76.7517827986918,1.0
87.71227724366436,1.0
61.75104112939749,1.0
70.7648584718266,1.0
64.68221506090572,1.0
71.2277415914664,1.0
73.71014933616368,1.0
68.33452908364197,1.0
59.18255442780726,1.0
88.39584130026154,1.0
76.38550801427101,1.0
82.67077382242925,1.0
86.72395845099976,1.0
73.11014054709307,1.0
68.36116534580552,1.0
67.23046693358657,1.0
93.57486374768843,1.0
99.23505294396074,1.0
63.050677032265355,1.0
69.6193476708994,1.0
,1.0
70.14569221741264,1.0
77.04423241114357,1.0
62.82652428800101,1.0
47.0011996804715,1.0
76.51337837772074,1.0
98.20468871829738,1.0
94.9931557908596,1.0
88.19451549216427,1.0
78.27546041945659,1.0
78.99081885080446,1.0
68.01883690332645,1.0
82.17691830013139,1.0
59.698466846364774,1.0
60.1928964883618,1.0
82.56165718032783,1.0
62.39006696388779,1.0
80.67231050132828,1.0
88.88970905712085,1.0
69.64453079636615,1.0
89.3425933595272,1.0
64.5613393440764,1.0
92.69314344315534,1.0
62.76942017966818,1.0
78.03483219597446,1.0
82.11371244663978,1.0
79.7130699403096,1.0
85.72877206535429,1.0
75.6785652555312,1.0
83.83528798511924,1.0
74.00646002985224,1.0
67.1232004782491,1.0
74.93609301344746,1.0
75.08377057579541,1.0
77.6342539363096,1.0
81.15295264249367,1.0
92.39416094364663,1.0
69.18766976467758,1.0
89.38856557988909,1.0
73.59558853767828,1.0
72.00117936556946,1.0
67.41886889528223,1.0
72.537425585675,1.0
85.71693852289845,1.0
62.9611376563477,1.0
82.84034555030932,1.0
67.07288969688749,1.0
61.13268096343646,1.0
76.98830435802616,1.0
63.338674390677085,1.0
78.33596706256223,1.0
75.5867980025985,1.0
79.02991484577412,1.0
72.53364035729831,1.0
75.55869296318264,1.0
80.25693848402844,1.0
85.41419665179903,1.0
85.89587213827832,1.0
96.42259677261742,1.0
52.81325455142023,1.0
86.77263451445182,1.0
59.345289542663224,1.0
92.8586986018434,1.0
84.43752928913554,1.0
90.56709909545725,1.0
74.80947446141104,1.0
79.93482207120928,1.0
69.74033678852473,1.0
,1.0
64.02635706586778,1.0
70.78962422021989,1.0
70.73662523868423,1.0
91.02599519997354,1.0
,1.0
69.50307927311837,1.0
82.11927333153669,1.0
88.20921064661137,1.0
77.66182081115481,1.0
,1.0
60.19817910334254,1.0
85.42448707760153,1.0
71.44143442873508,1.0
107.94816557459285,1.0
,1.0
64.58040193638661,1.0
92.18034950276089,1.0
92.46696430866632,1.0
,1.0
77.9816276683971,1.0
63.60845613551521,1.0
81.24404724363951,1.0
70.59648969605372,1.0
76.35165742042389,1.0
,1.0
72.64819438458906,1.0
58.72675652864537,1.0
75.34576072415456,1.0
79.09738351773565,1.0
,1.0
,1.0
84.24872192875637,1.0
57.90788364251583,1.0
70.60007218780565,1.0
64.81900472117313,1.0
81.58003395226805,1.0
72.39390566397819,1.0
68.82615391344555,1.0
76.5723516121691,1.0
83.86923672180367,1.0
97.37662400460758,1.0
65.09554200438376,1.0
81.05975140897125,1.0
77.6068578784836,1.0
79.083475491559,1.0
62.97115213132871,1.0
69.9982668370709,1.0
72.07806060143214,1.0
62.05103751167475,1.0
,1.0
72.58245794297363,1.0
73.22111741752686,1.0
74.68085736929979,1.0
66.03483802422815,1.0
62.48878792675339,1.0
67.25361223295408,1.0
,1.0
81.25082892389929,1.0
85.19651085276121,1.0
72.80140771919443,1.0
80.53959697458889,1.0
81.78859983987265,1.0
66.48701560420113,1.0
86.97515594177406,1.0
66.58875028768252,1.0
74.42909044701354,1.0
82.11154589714212,1.0
84.5081072311305,1.0
61.919233720165934,1.0
53.90323304492489,1.0
51.557164235851275,1.0
58.86382896072182,1.0
79.96905993935063,1.0
78.62852292174126,1.0
81.89241899483257,1.0
84.45036896771386,1.0
76.42066397318268,1.0
65.24038035698565,1.0
77.79158224305692,1.0
52.640309116828575,1.0
84.35965257524022,1.0
71.92032790455224,1.0
64.25956041203057,1.0
,1.0
83.56604418831911,1.0
85.78831624990741,1.0
61.269606078941436,1.0
70.10405795556619,1.0
71.70607751741304,1.0
64.57945745188239,1.0
82.34989760773306,1.0
73.66795344151573,1.0
83.37824607181153,1.0
73.46308149766541,1.0
75.41415142385446,1.0
79.4969976492493,1.0
95.8321087027764,1.0
81.24341764302986,1.0
,1.0
66.88247269445183,1.0
70.85463384855532,1.0
79.14835407368713,1.0
91.38224612079468,1.0
,1.0
82.20614388562431,1.0
,1.0
78.11490490697214,1.0
77.41524161081327,1.0
62.33292725630458,1.0
63.41653548550551,1.0
65.74692795448719,1.0
66.39844172584097,1.0
64.48977616981509,1.0
75.5318812738597,1.0
75.08459344666494,1.0
68.40742757232051,1.0
60.498874653443025,1.0
97.8292424016876,1.0
57.04315456423562,1.0
78.56711155821233,1.0
67.78156082233791,1.0
58.96396944867681,1.0
80.02198404316036,1.0
75.01884126307795,1.0
79.01557696065493,1.0
71.59275676694503,1.0
73.12590415939367,1.0
67.72230252041044,1.0
69.90333656389608,1.0
74.89310658179961,1.0
73.65488193122148,1.0
62.15506557669673,1.0
87.98521151303497,1.0
81.90561415249059,1.0
65.61517428138207,1.0
85.22831203614702,1.0
69.84521736977418,1.0
66.11908098740803,1.0
66.88734120249062,1.0
84.00624188962709,1.0
68.36622499452001,1.0
63.312155419809386,1.0
82.28288989732874,1.0
70.59709380556265,1.0
106.50467437052414,1.0
69.08355012486747,1.0
78.513071083096,1.0
80.722861297366,1.0
60.704882968316134,1.0
83.60418261161858,1.0
79.40298008098598,1.0
74.6321595468525,1.0
73.15883238836157,1.0
65.5461723648247,1.0
70.62680917252855,1.0
88.60617604055699,1.0
,1.0
89.05655100005994,1.0
61.636921404638386,1.0
76.53609239198086,1.0
81.73459148748987,1.0
90.83888303676564,1.0
91.13892998814491,1.0
82.10544973314376,1.0
81.32882884543328,1.0
88.99168056795847,1.0
83.8371168960447,1.0
73.9454114897822,1.0
55.698220439147605,1.0
89.91241669575592,1.0
86.64415155570927,1.0
67.85521918453787,1.0
71.90587852564009,1.0
86.91528844414009,1.0
66.16408378903171,1.0
76.6280523681549,1.0
60.246001718240095,1.0
72.07373590398515,1.0
65.86377750970992,1.0
78.22664115942639,1.0
84.95444279261712,1.0
67.54561670866059,1.0
81.30427505948775,1.0
52.982345145164025,1.0
87.79676118670197,1.0
68.97507639906631,1.0
90.26353704597072,1.0
71.91243938322765,1.0
77.65816788823518,1.0
76.64936297190333,1.0
83.7119450458705,1.0
85.02213237438878,1.0
57.7703741578929,1.0
89.53686536796855,1.0
59.442205035526214,1.0
72.51841723523656,1.0
71.28831850887433,1.0
77.4198797612827,1.0
70.05416374539239,1.0
55.40061109588492,1.0
74.24556234986167,1.0
81.30785979172117,1.0
66.1558445136286,1.0
84.62371765323883,1.0
79.28223700789962,1.0
59.66179710383545,1.0
,1.0
76.55904327027028,1.0
79.999546561231,1.0
90.15285155994904,1.0
,1.0
82.12342523045984,1.0
82.75422297719089,1.0
80.74065012808049,1.0
50.53810830628788,1.0
62.721697108428955,1.0
88.16572919012751,1.0
,1.0
77.33644416031,1.0
78.5844683738359,1.0
74.49923693662582,1.0
73.86132013859033,1.0
55.20594339284156,1.0
74.18658624783556,1.0
80.02545554362604,1.0
69.9159736395692,1.0
64.24093214177537,1.0
80.12615908928221,1.0
73.58430594127181,1.0
65.03405122624841,1.0
74.15107410633651,1.0
72.35283166974227,1.0
66.92489084494694,1.0
87.07297131806429,1.0
75.39609245173777,1.0
67.2665387212546,1.0
92.4149431736672,1.0
74.76183376073938,1.0
75.01015142171339,1.0
93.40195582467288,1.0
89.39189505047197,1.0
91.71438117694593,1.0
69.1952786143559,1.0
56.02967665764094,1.0
59.52282610740775,1.0
81.39915953390381,1.0
62.46207803639408,1.0
82.69217936676664,1.0
79.94947745973452,1.0
80.46505383638491,1.0
64.21696616833214,1.0
75.889992147504,1.0
87.80662551483353,1.0
69.96509081407709,1.0
82.5802514930359,1.0
55.19462664012574,1.0
77.09052155732857,1.0
77.64854604777123,1.0
81.00087598008068,1.0
87.28358052413624,1.0
,2.0
79.15076838706254,2.0
77.10759117898313,2.0
77.41353098104233,2.0
80.15637994791648,2.0
67.36172973584489,2.0
76.65517902179114,2.0
56.96070263226599,2.0
85.23987466442496,2.0
75.8068533968134,2.0
80.92373035387507,2.0
60.24027238817801,2.0
75.78463240266896,2.0
86.35147568667816,2.0
70.22183599919862,2.0
58.962240078315936,2.0
79.99928336665005,2.0
78.67627073410011,2.0
69.2281981308911,2.0
70.93556109778312,2.0
36.10531903645075,2.0
25.508121215416615,2.0
54.368104603382946,2.0
45.09700206442915,2.0
57.96303028707611,2.0
40.36094164943148,2.0
28.49956001884816,2.0
54.4239092554504,2.0
57.75327019976197,2.0
45.05888785346524,2.0
47.89781293670544,2.0
41.98211007766377,2.0
45.15272308057548,2.0
42.29755513386553,2.0
23.570502872301248,2.0
56.528686185046375,2.0
46.204948524132405,2.0
26.421837348371895,2.0
51.67940410104024,2.0
44.98791762953195,2.0
42.886431372153176,2.0
48.02285171346984,2.0
43.33687585012448,2.0
30.02929821031645,2.0
43.51725066909848,2.0
67.07676159588979,2.0
36.80464960730723,2.0
37.27045116354482,2.0
45.429089953181524,2.0
63.33851737118243,2.0
37.78697132945972,2.0
,2.0
42.44645075231949,2.0
50.527628894197285,2.0
50.41251169158831,2.0
39.70728184280742,2.0
34.94339863995514,2.0
56.577789012496055,2.0
33.9979844216935,2.0
64.28087078808028,2.0
27.161479233779428,2.0
41.4471390554635,2.0
37.76925124839192,2.0
38.35267099592345,2.0
39.72581206191215,2.0
34.872507735039434,2.0
49.677837636793555,2.0
39.71870521572847,2.0
19.069344224813804,2.0
52.70934136222358,2.0
49.232665478530734,2.0
40.02494771399638,2.0
,2.0
54.43288809880008,2.0
56.3608860045166,2.0
57.98622344981793,2.0
49.14803337163931,2.0
40.211241417339004,2.0
,2.0
42.43537408045663,2.0
20.801719480679907,2.0
38.99388252416466,2.0
56.9132114435739,2.0
43.75583679736206,2.0
36.906428525139866,2.0
44.4235765881547,2.0
52.46502426603905,2.0
,2.0
54.83562721944675,2.0
42.962862096291694,2.0
42.03061417346808,2.0
51.9466580768586,2.0
49.41681670894949,2.0
23.71189963244271,2.0
42.889811997054885,2.0
40.625065438707104,2.0
52.08208878784756,2.0
32.74499352001784,2.0
44.778711906199064,2.0
38.28573600527281,2.0
32.84679077052439,2.0
38.15599542257964,2.0
,2.0
42.38894261909148,2.0
34.47112520821452,2.0
80.50674117617908,2.0
31.51066008035285,2.0
48.42736495968043,2.0
35.368061542591406,2.0
43.19525101250041,2.0
23.985330664717836,2.0
33.37288991813388,2.0
,2.0
41.903085616110864,2.0
34.54184739610825,2.0
41.58331924159478,2.0
42.612335268772895,2.0
47.90457830552939,2.0
35.60504860578349,2.0
39.70231424174596,2.0
34.604282732568905,2.0
,2.0
46.07201463108893,2.0
50.80550003280264,2.0
46.092867821185564,2.0
65.10091427918056,2.0
67.50380665662452,2.0
43.25988681839227,2.0
51.188862051775615,2.0
58.808048039772906,2.0
42.25716609240733,2.0
29.995733421372698,2.0
39.944103548331576,2.0
51.34601539960606,2.0
42.083832708433405,2.0
59.24850342208269,2.0
61.86526455864928,2.0
48.1523348155934,2.0
31.275447675074993,2.0
60.0379308595616,2.0
41.29180344628241,2.0
19.112627685355676,2.0
51.76288640814665,2.0
62.715380009900784,2.0
64.03849791969286,2.0
40.26633659257543,2.0
57.169959783557076,2.0
36.15128714702751,2.0
48.5919734428388,2.0
37.27999221620718,2.0
40.96798883400957,2.0
49.63412707058503,2.0
46.31994271257052,2.0
42.81749673028228,2.0
52.738563061249316,2.0
34.334280069747535,2.0
39.69761460067772,2.0
53.12660980755927,2.0
41.31325834592765,2.0
39.6502644326866,2.0
45.99637843773334,2.0
43.79736977261721,2.0
38.12758616240148,2.0
39.151397648336534,2.0
65.78815263448753,2.0
54.32819612860503,2.0
43.977667785973985,2.0
35.774728153155706,2.0
51.09403729061999,2.0
42.65033831795064,2.0
45.35851160851982,2.0
37.14945960548558,2.0
43.691006233265924,2.0
31.73590499247759,2.0
33.81059171067463,2.0
38.592848813342854,2.0
34.6885501878171,2.0
32.250808459668676,2.0
40.40634574025078,2.0
48.60454396576891,2.0
48.83317124483344,2.0
46.177291090333014,2.0
45.17981255424857,2.0
58.567310694522675,2.0
41.69947562137764,2.0
50.303834566440656,2.0
54.447402724073626,2.0
48.959872896652854,2.0
32.72953736400361,2.0
43.464460611560085,2.0
52.38832997249602,2.0
42.3257325114105,2.0
39.65164165513455,2.0
,2.0
44.131001787510414,2.0
,2.0
41.02009172521078,2.0
57.26409578120362,2.0
32.28589573307932,2.0
36.92771534177038,2.0
,2.0
55.06408083617343,2.0
31.962711194875464,2.0
30.392816815920746,2.0
37.37970455130813,2.0
66.40977541166883,2.0
51.158507715752485,2.0
37.744624573643165,2.0
43.2376215972154,2.0
38.726012778598786,2.0
29.67744156933695,2.0
46.11659956992542,2.0
46.01894953189919,2.0
56.485193747296236,2.0
49.708532117693736,2.0
45.96385395694274,2.0
53.16773469174033,2.0
,2.0
53.66149701059915,2.0
38.45988537300573,2.0
62.063599231533864,2.0
37.77726273773577,2.0
29.550777053535583,2.0
53.03760486495663,2.0
50.7565127099347,2.0
58.02081244207788,2.0
60.35230970403219,2.0
65.3767685476164,2.0
39.9841134756623,2.0
59.44224516288931,2.0
44.67358389971015,2.0
,2.0
48.906705020985825,2.0
47.016800475068564,2.0
40.35809911690184,2.0
48.82816731483043,2.0
31.558335506537425,2.0
39.50775845608458,2.0
36.84593006627533,2.0
64.31558289975892,2.0
34.762713213759284,2.0
26.448134322486442,2.0
47.131144157882744,2.0
58.99692799472696,2.0
,2.0
48.72826789036878,2.0
43.7579319583767,2.0
,2.0
39.41823765230784,2.0
65.45603247069383,2.0
44.259269848443736,2.0
60.96072311508969,2.0
40.83974360356607,2.0
38.345147265145094,2.0
65.75283610771302,2.0
60.66963800457193,2.0
53.81003710837401,2.0
,2.0
41.773444544629264,2.0
37.863198631716195,2.0
52.014794547743314,2.0
25.151340973826994,2.0
48.26673728211659,2.0
39.82032888763125,2.0
50.186575448178466,2.0
49.268933923993025,2.0
29.39291081118694,2.0
50.91386067753375,2.0
60.74530785746035,2.0
57.33468460272741,2.0
25.922821168123402,2.0
36.522712518303656,2.0
29.52627317986247,2.0
15.322728189467433,2.0
34.932744872964854,2.0
29.87277660048348,2.0
31.801200962755622,2.0
58.9397349162298,2.0
46.61342351624589,2.0
45.54267228975336,2.0
52.320096420157384,2.0
36.488985731488015,2.0
52.868063850813726,2.0
43.48643526602713,2.0
38.70211836570827,2.0
46.68613596491594,2.0
38.704577099986594,2.0
41.266497540690594,2.0
37.12779090744828,2.0
33.95677763884028,2.0
43.93138469546601,2.0
56.8431475604836,2.0
51.251162136748945,2.0
48.841470394087864,2.0
52.0659997702632,2.0
56.038330649179315,2.0
44.53659155234384,2.0
53.98478581218786,2.0
53.906617813216855,2.0
49.56565033437946,2.0
54.91340792599344,2.0
47.2762235282826,2.0
51.71109170826489,2.0
43.935518925895366,2.0
29.559844482383813,2.0
60.12618900612523,2.0
45.11673334658006,2.0
41.81445605809158,2.0
43.04095672779094,2.0
55.87580755722159,2.0
64.0265927939176,2.0
50.62802472754625,2.0
45.543348544107815,2.0
60.66964839011232,2.0
42.07452010835496,2.0
39.85351849707351,2.0
38.66110994400918,2.0
38.5420298670036,2.0
47.53404887715044,2.0
55.67463796020046,2.0
56.570743317011576,2.0
47.810358405938224,2.0
36.35604422399041,2.0
53.454621244705955,2.0
52.20994773074756,2.0
56.332426540525056,2.0
40.4417851000646,2.0
43.815459381147896,2.0
35.42662511326125,2.0
,2.0
44.88048318552546,2.0
51.58674717649492,2.0
44.30659247070384,2.0
47.60939400808424,2.0
35.13964669669195,2.0
30.27045357583639,2.0
56.07456144557003,2.0
46.61210357298038,2.0
49.45742216363059,2.0
26.776428107750878,2.0
44.27133683140141,2.0
38.22095481987432,2.0
36.41679062899892,2.0
40.602685224664754,2.0
41.521975472133505,2.0
50.83841950078614,2.0
58.253471901103374,2.0
64.65415826044156,2.0
56.3135687441485,2.0
42.179297172263055,2.0
50.08693140186487,2.0
45.12416581236212,2.0
56.845008218490705,2.0
54.63274481078614,2.0
27.627583551186497,2.0
23.09005670445016,2.0
37.366275780881544,2.0
22.23823991154824,2.0
58.403169279265114,2.0
51.4750926182291,2.0
51.20424735065433,2.0
27.01943750437167,2.0
47.67763674011226,2.0
,2.0
37.258090588889736,2.0
56.88497158675672,2.0
43.677502333831924,2.0
55.91578705321786,2.0
41.241928568589636,2.0
39.68380975032521,2.0
58.18125566981955,2.0
43.99600770543459,2.0
46.95707236299074,2.0
40.1076031014901,2.0
34.29501973238806,2.0
27.017964418040325,2.0
50.782843215271164,2.0
37.03796228241845,2.0
46.975477852232956,2.0
37.0281792072744,2.0
49.890029139728355,2.0
37.307768805244805,2.0
26.01213846679553,2.0
53.107201260408814,2.0
55.04053981580107,2.0
27.88904424346659,2.0
43.279698493960225,2.0
,2.0
52.558042646319194,2.0
55.86376479804973,2.0
43.26210270818393,2.0
54.086211530512735,2.0
42.50034304426767,2.0
,2.0
61.9681036347999,2.0
51.17970677750583,2.0
46.73308334470085,2.0
54.10873061950298,2.0
51.034774214205356,2.0
75.60689572151016,2.0
45.955448250417604,2.0
48.63432671631055,2.0
41.82253923065769,2.0
30.48909931729571,2.0
,2.0
57.47065725517396,2.0
51.27814548169798,2.0
56.660414451958765,2.0
35.60258945747042,2.0
37.58743860988621,2.0
44.76988693420394,2.0
50.34689336985511,2.0
44.83704916716339,2.0
36.25332577927047,2.0
45.78501677244612,2.0
44.14249707495292,2.0
46.50446714296154,2.0
,2.0
56.17264288229231,2.0
53.30941783083503,2.0
32.995361320050364,2.0
53.08052793032582,2.0
49.358872858950235,2.0
30.897641102369697,2.0
38.72740918022359,2.0
46.82640755768639,2.0
47.215696406323154,2.0
24.181239480548253,2.0
45.53944265525261,2.0
31.975596553244507,2.0
54.39730717062491,2.0
29.017828275671242,2.0
51.184151859139874,2.0
55.683689406072816,2.0
44.45309983981826,2.0
54.23530135780565,2.0
40.69716923797664,2.0
54.33501416746677,2.0
56.0000001777252,2.0
60.78776718112911,2.0
47.54498821668804,2.0
44.35769813752838,2.0
39.030868695230694,2.0
42.712562491647944,2.0
47.84339066238891,2.0
,2.0
45.71905373337823,2.0
59.081461462255774,2.0
33.28261323575774,2.0
24.12284240743066,2.0
38.15197997986705,2.0
48.46243905107693,2.0
50.56461708361164,2.0
41.384208388654976,2.0
52.306832539139194,2.0
47.874231296609985,2.0
37.94933327837542,2.0
53.639636403203035,2.0
40.71245896296903,2.0
34.70556565000788,2.0
51.50166165397739,2.0
33.749391190482065,2.0
32.18657171234581,2.0
38.6080763092963,2.0
37.18131385133767,2.0
46.820787629881615,2.0
44.52584473374781,2.0
45.395351287895494,2.0
18.74640092582546,2.0
50.76784481305027,2.0
4.404569736085605,2.0
45.53233064988698,2.0
37.84671685586578,2.0
49.263027109786506,2.0
45.1730266880151,2.0
42.913538177474784,2.0
30.262120412585283,2.0
,2.0
25.755065889589503,2.0
29.20278825394953,2.0
31.79313066367432,2.0
61.435418446305036,2.0
50.057474179095664,2.0
44.09230466429992,2.0
35.667348547209315,2.0
39.736891764615585,2.0
51.424846556297176,2.0
80.56611274520287,2.0
31.75333860528696,2.0
38.576959099858556,2.0
61.14196244630923,2.0
53.95094937005358,2.0
43.16425959274631,2.0
41.0964490131446,2.0
42.826631917339434,2.0
25.037154295993787,2.0
40.86000152048027,2.0
45.820617746077495,2.0
32.373565613077375,2.0
50.13178228405002,2.0
37.070376725824964,2.0
24.420886038268847,2.0
37.3039382913453,2.0
31.183489830542836,2.0
50.53139443586734,2.0
45.6575473861782,2.0
41.40206448467246,2.0
27.106875820327918,2.0
64.72306957924022,2.0
41.07322479237328,2.0
46.40719249474303,2.0
46.48548503185236,2.0
38.611518139882826,2.0
39.14451367974086,2.0
42.244468716592245,2.0
48.685269031647465,2.0
61.59240286202415,2.0
52.66847682205034,2.0
42.612526575451916,2.0
42.61536904837016,2.0
,
,
,
,
,
,
,
,
,
,
,
,
,
,
,
,
,
,
,
,
,
,
,
,
,
,
,
,
,
,
,
,
,
,
,
,
,
,
,
,
,
,
,
,
,
,
,
,
,
,
,
,
,
,
,
,
,
,
,
,
,
,
,
,
,
,
,
,
,
,
,
,
,
,
,
,
,
,
,
,
,
,
,
,
,
,
,
,
,
,
,
,
,
,
,
,
,
,
,
,
,
,
,
,
,
,
,
,
,
,
,
,
,
,
,
,
,
,
,
,
,
,
,
,
,
,
,
,
,
,
,
,
,
,
,
,
,
,
,
,
,
,
,
,
,
,
,
,
,
,
,
,
,
,
,
,
,
,
,
,
,
,
,
,
,
,
,
,
,
,
,
,
,
,
,
,
,
,
,
,
,
,
,
,
,
,
,
,
,
,
,
,
,
,
,
,
,
,
,
,
,
,
,
,
,
,
,
,
,
,
,
,
,
,
,
,
,
,
,
,
,
,
,
,
,
,
,
,
,
,
,
,
,
,
,
,
,
,
,
,
,
,
,
,
,
,
,
,
,
,
,
,
,
,
,
,
,
,
,
,
,
,
,
,
,
,
,
,
,
,
,
,
,
,
,
,
,
,
,
,
,
,
,
,
,
,
,
,
,
,
,
,
,
,
,
,
,
,
,
,
,
,
,
,
,
,
,
,
,
,
,
,
,
,
,
,
,
,
,
,
,
,
,
,
,
,
,
,
,
,
,
,
,
,
,
,
,
,
,
,
,
,
,
,
,
,
,
,
,
,
,
,
,
,
,
,
,
,
,
,
,
,
,
,
,
